path	bytes	width	height	depth	colour	chunks	residue	palette_sha1	palette_entries	idat_bytes
RTP/Backdrop/Arena.png	42863	320	240	8	3	10	0	19797afe4a31cb999dfd5b4355555b1ec3bf852d	256	41945
RTP/Backdrop/Bathhouse.png	40806	320	240	8	3	6	0	c0bc7b1673748c12dd3c6f8471df7bfdaacc5a8c	256	39909
RTP/Backdrop/Beach.png	58508	320	240	8	3	4	0	6281ffd7d433d7c801e1f4b26ef8ab15bf1b4a74	256	57671
RTP/Backdrop/Bridge.png	48479	320	240	8	3	6	0	3aa39d0a8234e9a9b31b731db0c888f8b3b8a53c	256	47582
RTP/Backdrop/Castle.png	48424	320	240	8	3	4	0	a4fe0336993878ea6cbe32b2bee4c8222865fdb0	256	47587
RTP/Backdrop/Desert.png	65935	320	240	8	3	4	0	b6d0288634030723e8768f6a954371b878a3981d	256	65098
RTP/Backdrop/Dungeon1.png	46288	320	240	8	3	10	0	c2e69ca7cff98cb3d5c05d1d94c9db22551b0112	256	45370
RTP/Backdrop/Dungeon2.png	44799	320	240	8	3	10	0	bd26d6735615e1a092dc829ba9c71ee94f14a1cd	256	43881
RTP/Backdrop/Dungeon3.png	50956	320	240	8	3	11	0	434df2234c84ace82b9be6b1f16c7faba54f7e19	256	50026
RTP/Backdrop/Dungeon4.png	65525	320	240	8	3	6	0	6bff59b2aa4bc385fe9b2deb6aceae049e2f3f78	256	64628
RTP/Backdrop/Dungeon5.png	50600	320	240	8	3	11	0	df7acbc2b08db62ddf8e50a27ada24ce79fb6f7e	256	49670
RTP/Backdrop/Dungeon6.png	52644	320	240	8	3	11	0	c85ff4954c563936136ce97f7658c834eb4998d1	256	51714
RTP/Backdrop/Forest1.png	44076	320	240	8	3	6	0	88e835b21e103edd4bfc39f2bce3db22ef62f71a	256	43179
RTP/Backdrop/Forest2.png	52389	320	240	8	3	11	0	83e9183e78dd6d78b51c6e2247240e52877a5620	256	51459
RTP/Backdrop/Grassland.png	50362	320	240	8	3	11	0	3969e7a4fa0df00e7cdd89a5463ad9360f62b38e	256	49432
RTP/Backdrop/Graveyard.png	67348	320	240	8	3	6	0	ec90e0683ba220242d78cd8e52bf28bb51a28173	256	66451
RTP/Backdrop/Mansion.png	52204	320	240	8	3	6	0	ef2c8efcd7b3504fa2d862f562873ee08449bc9f	256	51307
RTP/Backdrop/Mountain Road.png	49753	320	240	8	3	6	0	de144a565dfc581f022c37ecbc5567cf01f74477	256	48856
RTP/Backdrop/Old Town.png	39930	320	240	8	3	6	0	a76b47ef5443e318cd62730536d289ad29ac50d5	256	39033
RTP/Backdrop/Road.png	41444	320	240	8	3	6	0	30d72cc41b7949582ce3d9a4d831585d8e965389	256	40547
RTP/Backdrop/Rocky Road.png	70987	320	240	8	3	6	0	ab398e4ff12af8d7a6ce928a630dc7a26d50f45e	256	70090
RTP/Backdrop/Ruins1.png	40288	320	240	8	3	9	0	337fda8b2507d8053397614c4988a49d7525f3b4	256	39382
RTP/Backdrop/Ruins2.png	63367	320	240	8	3	12	0	43835cd08ce7612ca769f7c947e13c96e851bc48	256	62425
RTP/Backdrop/Sea.png	48800	320	240	8	3	4	0	8ecac027c88075b4207180a05b26c4eac07b2cb9	256	47963
RTP/Backdrop/Ship.png	38088	320	240	8	3	9	0	f1e9d44f22f536bee3acd39f7f5528d9203d477c	256	37182
RTP/Backdrop/Sky.png	38265	320	240	8	3	9	0	cfb848c25961ab9daf99cd043966f023a2e05133	256	37359
RTP/Backdrop/Snow Field.png	47783	320	240	8	3	6	0	8dcadf3b039153c24a9440cb26a04679c279acc0	256	46886
RTP/Backdrop/Space.png	56363	320	240	8	3	11	0	acbcc568e4a99c63f7c7306f52b264d93c6a4fef	256	55433
RTP/Backdrop/Swamp.png	42070	320	240	8	3	10	0	0c8103450ba9ef7043a5c411c017fe971f57a81b	256	41152
RTP/Backdrop/Temple1.png	35447	320	240	8	3	6	0	16e9a1fff0db1a6a69cb9a4a65ffe05897d1b4bc	256	34550
RTP/Backdrop/Temple2.png	53967	320	240	8	3	11	0	c3612f1de57d38c28bed906a62809c0e90dae1e4	256	53037
RTP/Backdrop/Town.png	58984	320	240	8	3	6	0	953c2e06db4524c6651c7630c2df5235c0e027a4	256	58087
RTP/Backdrop/Universe.png	31432	320	240	8	3	8	0	af59a83dd69a60e7267c5ae2411605c6355a527d	256	30538
RTP/Backdrop/Wasteland.png	48064	320	240	8	3	10	0	eac856d3277c9ced877b56ba785a0dd43d41d1f4	256	47146
RTP/Battle/2003 Absorb.png	5495	480	480	8	3	6	0	ef929c402359676a75fb60415b4db96ab6fca016	256	4598
RTP/Battle/2003 Axe.png	4869	480	480	8	3	6	0	ef929c402359676a75fb60415b4db96ab6fca016	256	3972
RTP/Battle/2003 Barrier.png	6232	480	480	8	3	6	0	e0bb5441018221a4dbf59060ed2fb01c37c9484f	256	5335
RTP/Battle/2003 Blow.png	8269	480	480	8	3	6	0	ef929c402359676a75fb60415b4db96ab6fca016	256	7372
RTP/Battle/2003 Bow.png	4135	480	480	8	3	6	0	ef929c402359676a75fb60415b4db96ab6fca016	256	3238
RTP/Battle/2003 Breath.png	8559	480	480	8	3	6	0	ef929c402359676a75fb60415b4db96ab6fca016	256	7662
RTP/Battle/2003 Claw.png	4863	480	480	8	3	6	0	ef929c402359676a75fb60415b4db96ab6fca016	256	3966
RTP/Battle/2003 Cold.png	7769	480	480	8	3	6	0	ef929c402359676a75fb60415b4db96ab6fca016	256	6872
RTP/Battle/2003 Cure.png	4727	480	480	8	3	6	0	ef929c402359676a75fb60415b4db96ab6fca016	256	3830
RTP/Battle/2003 Dark.png	16845	480	480	8	3	6	0	046e8fb81589d4f3e4c64432afa92501307bf63e	256	15948
RTP/Battle/2003 Earth.png	7222	480	480	8	3	6	0	ef929c402359676a75fb60415b4db96ab6fca016	256	6325
RTP/Battle/2003 Explosion.png	11391	480	480	8	3	6	0	ef929c402359676a75fb60415b4db96ab6fca016	256	10494
RTP/Battle/2003 Fire.png	19855	480	480	8	3	6	0	ef929c402359676a75fb60415b4db96ab6fca016	256	18958
RTP/Battle/2003 Holy.png	4929	480	480	8	3	4	0	ef929c402359676a75fb60415b4db96ab6fca016	256	4092
RTP/Battle/2003 Light Pillar.png	4582	480	480	8	3	6	0	ef929c402359676a75fb60415b4db96ab6fca016	256	3685
RTP/Battle/2003 Other1.png	15788	480	480	8	3	6	0	a80556114abd7e5f7ac6351208789c47dbda568d	256	14891
RTP/Battle/2003 Other2.png	5218	480	480	8	3	6	0	ef929c402359676a75fb60415b4db96ab6fca016	256	4321
RTP/Battle/2003 Paralysis.png	8972	480	480	8	3	6	0	ef929c402359676a75fb60415b4db96ab6fca016	256	8075
RTP/Battle/2003 Recovery.png	5691	480	480	8	3	6	0	ef929c402359676a75fb60415b4db96ab6fca016	256	4794
RTP/Battle/2003 Revive.png	5749	480	480	8	3	6	0	ef929c402359676a75fb60415b4db96ab6fca016	256	4852
RTP/Battle/2003 Spear.png	6101	480	480	8	3	6	0	ef929c402359676a75fb60415b4db96ab6fca016	256	5204
RTP/Battle/2003 Sword.png	5242	480	480	8	3	6	0	ef929c402359676a75fb60415b4db96ab6fca016	256	4345
RTP/Battle/2003 Thunder.png	7437	480	480	8	3	6	0	ef929c402359676a75fb60415b4db96ab6fca016	256	6540
RTP/Battle/2003 Water.png	17370	480	480	8	3	6	0	fa98d0b5481f4f68cd7ee0ee2970ab0b62bfa433	256	16473
RTP/Battle/2003 Whip.png	5575	480	480	8	3	6	0	ef929c402359676a75fb60415b4db96ab6fca016	256	4678
RTP/Battle/2003 Wind.png	8547	480	480	8	3	6	0	ef929c402359676a75fb60415b4db96ab6fca016	256	7650
RTP/Battle/Arrow.png	1687	480	96	8	3	4	0	7ad00e852862cfb0e26c90e786badd4258b07815	256	850
RTP/Battle/Axe.png	2029	480	192	8	3	4	0	6fcb479bae534aad7682340955aaa7e1344d7854	256	1192
RTP/Battle/Barrier.png	1982	480	192	8	3	4	0	c12778bd0d807293b5951b93feab08260fd15dc1	256	1145
RTP/Battle/Bite.png	1989	480	192	8	3	4	0	1dc892f1a897bb53e2aa68b29365e0699ea94388	256	1152
RTP/Battle/Blow.png	4336	480	288	8	3	4	0	59a210577c28fa8927a7b049b489242808feedc1	256	3499
RTP/Battle/Breath.png	4879	480	288	8	3	4	0	96f4ac11137410350a9e6151c02910cb2beef6a1	256	4042
RTP/Battle/Buff.png	4191	480	192	8	3	4	0	151ce27ddeab41c857c2476769cd4007ee1cd0b8	256	3354
RTP/Battle/Claw.png	2455	480	192	8	3	4	0	40146e70411b762d3353146228dbef95ab402791	256	1618
RTP/Battle/Dark.png	10333	480	384	8	3	4	0	390c99d681bfe15614e8ddae40fa209ea902367d	256	9496
RTP/Battle/Debuff.png	4165	480	192	8	3	4	0	151ce27ddeab41c857c2476769cd4007ee1cd0b8	256	3328
RTP/Battle/Earth.png	3992	480	192	8	3	4	0	151ce27ddeab41c857c2476769cd4007ee1cd0b8	256	3155
RTP/Battle/Explosion.png	7082	480	288	8	3	4	0	90ec797905e2967e2708ccf90ff828b6eaae03e6	256	6245
RTP/Battle/Fire1.png	8049	480	480	8	3	4	0	0d9bf3dcdc701bc2aab166680a5464f9d532ebf5	256	7212
RTP/Battle/Fire2.png	12861	480	480	8	3	4	0	2f075dbbcd2787efd32c5a09204cfa316eaf5317	256	12024
RTP/Battle/Holy.png	3585	480	288	8	3	4	0	59c7a5866c8da13a5c5e01c0844ba58a4defeaff	256	2748
RTP/Battle/Ice.png	7111	480	384	8	3	4	0	e024cbf85fe8e6cb3ed1fbea12f1e4488463e040	256	6274
RTP/Battle/Other.png	11554	480	480	8	3	4	0	7242facc367466535a023b73c4f65e9030deb4bf	256	10717
RTP/Battle/Paralysis.png	5180	480	288	8	3	4	0	f97026a5bbf162581414ac2ced920252277a94d2	256	4343
RTP/Battle/Recovery.png	2007	480	192	8	3	4	0	8d04ef9ab8e2bb8f7ba6fd1a83a287b3eac07400	256	1170
RTP/Battle/Ressurection.png	2784	480	192	8	3	4	0	a027d62871d4b831d51772e739c357b248278c75	256	1947
RTP/Battle/Spear.png	2796	480	288	8	3	4	0	6fcb479bae534aad7682340955aaa7e1344d7854	256	1959
RTP/Battle/Sword1.png	1866	480	192	8	3	4	0	ab528c99ef2758b525f8c39325f7fe1b72bf10f7	256	1029
RTP/Battle/Sword2.png	2334	480	192	8	3	4	0	ab528c99ef2758b525f8c39325f7fe1b72bf10f7	256	1497
RTP/Battle/Thunder.png	3944	480	192	8	3	4	0	2b92252008465076b6fd37214a66819d58730af1	256	3107
RTP/Battle/Treatment.png	1726	480	192	8	3	4	0	9adfc09c480169f288a721a015cfef0e38a6e70b	256	889
RTP/Battle/Water.png	11088	480	288	8	3	4	0	f3b97e1119e382612ee73cc7979559c844e2c2b8	256	10251
RTP/Battle/Whip.png	2460	480	192	8	3	4	0	40146e70411b762d3353146228dbef95ab402791	256	1623
RTP/Battle/Wind.png	2412	480	192	8	3	4	0	ddea0dc14ed30de9618e2edd2bb7b184eb6264fb	256	1575
RTP/BattleCharSet/Armored Warror A.png	9665	144	384	8	3	6	0	ef929c402359676a75fb60415b4db96ab6fca016	256	8768
RTP/BattleCharSet/Armored Warror B.png	5836	144	384	8	3	6	0	ef929c402359676a75fb60415b4db96ab6fca016	256	4939
RTP/BattleCharSet/Chinese Man A.png	9193	144	384	8	3	6	0	ef929c402359676a75fb60415b4db96ab6fca016	256	8296
RTP/BattleCharSet/Chinese Man B.png	5803	144	384	8	3	6	0	ef929c402359676a75fb60415b4db96ab6fca016	256	4906
RTP/BattleCharSet/Chinese Woman A.png	8375	144	384	8	3	6	0	ef929c402359676a75fb60415b4db96ab6fca016	256	7478
RTP/BattleCharSet/Chinese Woman B.png	5214	144	384	8	3	6	0	ef929c402359676a75fb60415b4db96ab6fca016	256	4317
RTP/BattleCharSet/Female Bandit A.png	8951	144	384	8	3	6	0	ef929c402359676a75fb60415b4db96ab6fca016	256	8054
RTP/BattleCharSet/Female Bandit B.png	5467	144	384	8	3	6	0	ef929c402359676a75fb60415b4db96ab6fca016	256	4570
RTP/BattleCharSet/Female Elf A.png	8701	144	384	8	3	6	0	ef929c402359676a75fb60415b4db96ab6fca016	256	7804
RTP/BattleCharSet/Female Elf B.png	5349	144	384	8	3	6	0	ef929c402359676a75fb60415b4db96ab6fca016	256	4452
RTP/BattleCharSet/Female Fighter A.png	9050	144	384	8	3	6	0	ef929c402359676a75fb60415b4db96ab6fca016	256	8153
RTP/BattleCharSet/Female Fighter B.png	5564	144	384	8	3	6	0	ef929c402359676a75fb60415b4db96ab6fca016	256	4667
RTP/BattleCharSet/Female Hero A.png	9093	144	384	8	3	6	0	ef929c402359676a75fb60415b4db96ab6fca016	256	8196
RTP/BattleCharSet/Female Hero B.png	5305	144	384	8	3	6	0	ef929c402359676a75fb60415b4db96ab6fca016	256	4408
RTP/BattleCharSet/Female Mage A.png	9631	144	384	8	3	6	0	ef929c402359676a75fb60415b4db96ab6fca016	256	8734
RTP/BattleCharSet/Female Mage B.png	5641	144	384	8	3	6	0	ef929c402359676a75fb60415b4db96ab6fca016	256	4744
RTP/BattleCharSet/Female Monk A.png	9234	144	384	8	3	6	0	ef929c402359676a75fb60415b4db96ab6fca016	256	8337
RTP/BattleCharSet/Female Monk B.png	5297	144	384	8	3	6	0	ef929c402359676a75fb60415b4db96ab6fca016	256	4400
RTP/BattleCharSet/Female Ninja A.png	8469	144	384	8	3	6	0	ef929c402359676a75fb60415b4db96ab6fca016	256	7572
RTP/BattleCharSet/Female Ninja B.png	5230	144	384	8	3	6	0	ef929c402359676a75fb60415b4db96ab6fca016	256	4333
RTP/BattleCharSet/Female Pirate A.png	8557	144	384	8	3	6	0	ef929c402359676a75fb60415b4db96ab6fca016	256	7660
RTP/BattleCharSet/Female Pirate B.png	5452	144	384	8	3	6	0	ef929c402359676a75fb60415b4db96ab6fca016	256	4555
RTP/BattleCharSet/Female Warrior A.png	9496	144	384	8	3	6	0	ef929c402359676a75fb60415b4db96ab6fca016	256	8599
RTP/BattleCharSet/Female Warrior B.png	5723	144	384	8	3	6	0	ef929c402359676a75fb60415b4db96ab6fca016	256	4826
RTP/BattleCharSet/Male Bandit A.png	8531	144	384	8	3	6	0	ef929c402359676a75fb60415b4db96ab6fca016	256	7634
RTP/BattleCharSet/Male Bandit B.png	5349	144	384	8	3	6	0	ef929c402359676a75fb60415b4db96ab6fca016	256	4452
RTP/BattleCharSet/Male Elf A.png	8903	144	384	8	3	6	0	ef929c402359676a75fb60415b4db96ab6fca016	256	8006
RTP/BattleCharSet/Male Elf B.png	5549	144	384	8	3	6	0	ef929c402359676a75fb60415b4db96ab6fca016	256	4652
RTP/BattleCharSet/Male Fighter A.png	9299	144	384	8	3	6	0	ef929c402359676a75fb60415b4db96ab6fca016	256	8402
RTP/BattleCharSet/Male Fighter B.png	5573	144	384	8	3	6	0	ef929c402359676a75fb60415b4db96ab6fca016	256	4676
RTP/BattleCharSet/Male Hero A.png	10428	144	384	8	3	6	0	ef929c402359676a75fb60415b4db96ab6fca016	256	9531
RTP/BattleCharSet/Male Hero B.png	5941	144	384	8	3	6	0	ef929c402359676a75fb60415b4db96ab6fca016	256	5044
RTP/BattleCharSet/Male Mage A.png	10034	144	384	8	3	6	0	ef929c402359676a75fb60415b4db96ab6fca016	256	9137
RTP/BattleCharSet/Male Mage B.png	6188	144	384	8	3	6	0	ef929c402359676a75fb60415b4db96ab6fca016	256	5291
RTP/BattleCharSet/Male Monk A.png	9255	144	384	8	3	6	0	ef929c402359676a75fb60415b4db96ab6fca016	256	8358
RTP/BattleCharSet/Male Monk B.png	5438	144	384	8	3	6	0	ef929c402359676a75fb60415b4db96ab6fca016	256	4541
RTP/BattleCharSet/Male Ninja A.png	8388	144	384	8	3	6	0	ef929c402359676a75fb60415b4db96ab6fca016	256	7491
RTP/BattleCharSet/Male Ninja B.png	5162	144	384	8	3	6	0	ef929c402359676a75fb60415b4db96ab6fca016	256	4265
RTP/BattleCharSet/Male Pirate A.png	9121	144	384	8	3	6	0	ef929c402359676a75fb60415b4db96ab6fca016	256	8224
RTP/BattleCharSet/Male Pirate B.png	5430	144	384	8	3	6	0	ef929c402359676a75fb60415b4db96ab6fca016	256	4533
RTP/BattleCharSet/Male Warrior A.png	9539	144	384	8	3	6	0	ef929c402359676a75fb60415b4db96ab6fca016	256	8642
RTP/BattleCharSet/Male Warrior B.png	5616	144	384	8	3	6	0	ef929c402359676a75fb60415b4db96ab6fca016	256	4719
RTP/BattleCharSet/Man1 A.png	9051	144	384	8	3	6	0	ef929c402359676a75fb60415b4db96ab6fca016	256	8154
RTP/BattleCharSet/Man1 B.png	5563	144	384	8	3	6	0	ef929c402359676a75fb60415b4db96ab6fca016	256	4666
RTP/BattleCharSet/Man2 A.png	8922	144	384	8	3	6	0	ef929c402359676a75fb60415b4db96ab6fca016	256	8025
RTP/BattleCharSet/Man2 B.png	5790	144	384	8	3	6	0	ef929c402359676a75fb60415b4db96ab6fca016	256	4893
RTP/BattleCharSet/Man3 A.png	9274	144	384	8	3	6	0	ef929c402359676a75fb60415b4db96ab6fca016	256	8377
RTP/BattleCharSet/Man3 B.png	5655	144	384	8	3	6	0	ef929c402359676a75fb60415b4db96ab6fca016	256	4758
RTP/BattleCharSet/Man4 A.png	8832	144	384	8	3	6	0	ef929c402359676a75fb60415b4db96ab6fca016	256	7935
RTP/BattleCharSet/Man4 B.png	5300	144	384	8	3	6	0	ef929c402359676a75fb60415b4db96ab6fca016	256	4403
RTP/BattleCharSet/Man5 A.png	9144	144	384	8	3	6	0	ef929c402359676a75fb60415b4db96ab6fca016	256	8247
RTP/BattleCharSet/Man5 B.png	5466	144	384	8	3	6	0	ef929c402359676a75fb60415b4db96ab6fca016	256	4569
RTP/BattleCharSet/Samurai A.png	8781	144	384	8	3	6	0	ef929c402359676a75fb60415b4db96ab6fca016	256	7884
RTP/BattleCharSet/Samurai B.png	5409	144	384	8	3	6	0	ef929c402359676a75fb60415b4db96ab6fca016	256	4512
RTP/BattleCharSet/Woman1 A.png	8711	144	384	8	3	6	0	ef929c402359676a75fb60415b4db96ab6fca016	256	7814
RTP/BattleCharSet/Woman1 B.png	5403	144	384	8	3	6	0	ef929c402359676a75fb60415b4db96ab6fca016	256	4506
RTP/BattleCharSet/Woman2 A.png	8733	144	384	8	3	6	0	ef929c402359676a75fb60415b4db96ab6fca016	256	7836
RTP/BattleCharSet/Woman2 B.png	5306	144	384	8	3	6	0	ef929c402359676a75fb60415b4db96ab6fca016	256	4409
RTP/BattleCharSet/Woman3 A.png	8450	144	384	8	3	6	0	ef929c402359676a75fb60415b4db96ab6fca016	256	7553
RTP/BattleCharSet/Woman3 B.png	5119	144	384	8	3	6	0	ef929c402359676a75fb60415b4db96ab6fca016	256	4222
RTP/BattleCharSet/Woman4 A.png	8929	144	384	8	3	6	0	ef929c402359676a75fb60415b4db96ab6fca016	256	8032
RTP/BattleCharSet/Woman4 B.png	5298	144	384	8	3	6	0	ef929c402359676a75fb60415b4db96ab6fca016	256	4401
RTP/BattleCharSet/Woman5 A.png	9261	144	384	8	3	6	0	ef929c402359676a75fb60415b4db96ab6fca016	256	8364
RTP/BattleCharSet/Woman5 B.png	5393	144	384	8	3	6	0	ef929c402359676a75fb60415b4db96ab6fca016	256	4496
RTP/BattleWeapon/Weapon.png	5665	192	512	8	3	6	0	ef929c402359676a75fb60415b4db96ab6fca016	256	4768
RTP/CharSet/Actor1.png	11640	288	256	8	3	4	0	b507d0fa1cf213a1daaea76b4fc5f74f7f03cddc	256	10803
RTP/CharSet/Actor2.png	12160	288	256	8	3	4	0	b507d0fa1cf213a1daaea76b4fc5f74f7f03cddc	256	11323
RTP/CharSet/Actor3.png	11827	288	256	8	3	4	0	b507d0fa1cf213a1daaea76b4fc5f74f7f03cddc	256	10990
RTP/CharSet/Actor4.png	11803	288	256	8	3	4	0	b507d0fa1cf213a1daaea76b4fc5f74f7f03cddc	256	10966
RTP/CharSet/Animal.png	8009	288	256	8	3	4	0	f3f2e4da14f4a925e9a4c5b178c4c15918cce159	256	7172
RTP/CharSet/Monster1.png	11249	288	256	8	3	4	0	f3f2e4da14f4a925e9a4c5b178c4c15918cce159	256	10412
RTP/CharSet/Monster2.png	16400	288	256	8	3	4	0	f3f2e4da14f4a925e9a4c5b178c4c15918cce159	256	15563
RTP/CharSet/Object1.png	5821	288	256	8	3	4	0	4a1254ecc9199765bc71fb69d89addf9f024ae26	256	4984
RTP/CharSet/Object2.png	5394	288	256	8	3	4	0	4a1254ecc9199765bc71fb69d89addf9f024ae26	256	4557
RTP/CharSet/People1.png	10655	288	256	8	3	4	0	b507d0fa1cf213a1daaea76b4fc5f74f7f03cddc	256	9818
RTP/CharSet/People2.png	10799	288	256	8	3	4	0	131ef16433e38adae880f7be44648ef0d96ea1c2	256	9962
RTP/CharSet/People3.png	11389	288	256	8	3	4	0	b507d0fa1cf213a1daaea76b4fc5f74f7f03cddc	256	10552
RTP/CharSet/People4.png	10568	288	256	8	3	4	0	b507d0fa1cf213a1daaea76b4fc5f74f7f03cddc	256	9731
RTP/CharSet/People5.png	10644	288	256	8	3	4	0	b507d0fa1cf213a1daaea76b4fc5f74f7f03cddc	256	9807
RTP/CharSet/Vehicles.png	11200	288	256	8	3	4	0	a137899f61996fa497071c524ba4d3079cd566ae	256	10363
RTP/ChipSet/Dungeon.png	32109	480	256	8	3	9	0	9bde5908d919cced5b0ff010bc97b416c09bc00d	256	31208
RTP/ChipSet/Exterior.png	37494	480	256	8	3	10	0	72747cdf64e74cec0ec651718e431985b7b46e48	256	36581
RTP/ChipSet/Interior.png	34926	480	256	8	3	10	0	515773ee2d9ed84d6a3f68ae02b4981dda7db9fa	256	34013
RTP/ChipSet/Ship.png	30787	480	256	8	3	9	0	93820f50914c601bbde4e6029e15c01426a82fe3	256	29886
RTP/ChipSet/World.png	35006	480	256	8	3	10	0	98e38f9c90f5283f41d94858e4b087a7a557a557	256	34093
RTP/FaceSet/Actor1.png	28142	192	192	8	3	6	0	4ac9dc05e43a2c5164b68b649e93e60cff763148	256	27245
RTP/FaceSet/Actor2.png	29491	192	192	8	3	6	0	d2b2a262405bf0129fab2304ff4deeb4f5edfb97	256	28594
RTP/FaceSet/Monster.png	24592	192	192	8	3	6	0	698dfc9d8d07c9214933a1e7497ccb434811ab78	256	23695
RTP/FaceSet/People1.png	30152	192	192	8	3	6	0	9efbb13a53283b6ce8fede26e9cf37be2f4eb92c	256	29255
RTP/FaceSet/People2.png	27646	192	192	8	3	6	0	f66c01cb5bfa3e605dfd6bf68416eda173629970	256	26749
RTP/GameOver/Game Over.png	27367	320	240	8	3	4	0	eeec3a9ae1510c80e5bd318bd042e47e03335aad	256	26530
RTP/Monster/Ahriman.png	3882	65	80	8	3	6	0	f744a342c0f216e72e1fb756c8249a69b3ae1e39	256	2985
RTP/Monster/Alligator.png	3067	70	56	8	3	4	0	a3f95aab241a4f65f01fb174fdde9e5d2f1a3696	256	2230
RTP/Monster/Anaconda.png	4559	85	80	8	3	4	0	af7127eab44802f3646d47bf80bce131eb4f9062	256	3722
RTP/Monster/Asura.png	8599	103	160	8	3	4	0	166a19a410218b6dcc594c788c65db51bcf6fd6a	256	7762
RTP/Monster/Bahamut.png	13132	175	160	8	3	4	0	5d68f3370f35aeb53dcdb80dab09704217ce1e27	256	12295
RTP/Monster/Basilisk.png	3060	65	64	8	3	4	0	adfffaeaea51bc56a0b5f7d3fbced3df1f2b44d6	256	2223
RTP/Monster/Bat.png	1551	53	36	8	3	4	0	b07e8f10ae617ea66e799ec0fb6f167d141986a8	256	714
RTP/Monster/Behemoth.png	10026	168	107	8	3	4	0	4d4b4e5fd1fc23134dc1f5a2855d56c6d11c3445	256	9189
RTP/Monster/Berserker.png	4663	65	80	8	3	6	0	03d429831d9dad2ea1b024deb945c8058ed702bb	256	3766
RTP/Monster/Big Foot.png	3870	66	80	8	3	4	0	4106f8568644ee5d743e532cc105c713def93a31	256	3033
RTP/Monster/Byakko.png	6876	125	111	8	3	4	0	d8e12e602ea03e2cb3b2a25574289878f7ed759c	256	6039
RTP/Monster/Cait Sith.png	1958	50	57	8	3	4	0	9f9dfb54c081cf6b90253950fdff9546b81e8e14	256	1121
RTP/Monster/Carbuncle.png	2385	47	63	8	3	4	0	9877b2b533d36439e8b7904598b0d30a5d4d305b	256	1548
RTP/Monster/Carmilla.png	3562	60	75	8	3	6	0	87bee99f7fae72d37c9175b877376e6dd73861be	256	2665
RTP/Monster/Catoblepas.png	3979	68	80	8	3	4	0	b119ace4667a9974d882fec0078e34c246a4d759	256	3142
RTP/Monster/Centaur.png	3126	71	80	8	3	4	0	651428c226132891d90e80b419267c9ffed7e86c	256	2289
RTP/Monster/Centipede.png	2232	50	69	8	3	4	0	21505c85f3f2fd5f2a9a11ed8f733024aba69fd5	256	1395
RTP/Monster/Cerberus.png	7698	131	110	8	3	4	0	3a2c18238677a65c6d0b9497bffecfd38b5a319f	256	6861
RTP/Monster/Chimera.png	5386	101	77	8	3	4	0	88c7b15442c7d2c445d2abdf5ce141e92c4064d7	256	4549
RTP/Monster/Cockatorice.png	3686	70	75	8	3	4	0	3eeedc2abc596731dfe898b4764ba24c40f2894b	256	2849
RTP/Monster/Crab.png	3164	68	77	8	3	4	0	fa025a4b9cd167f463bda554e55cf78c710cd6bf	256	2327
RTP/Monster/Crawler.png	3565	69	77	8	3	4	0	b0bfc0d79e01d7d00f45e5588786cbb8f27bbc27	256	2728
RTP/Monster/Cyclops.png	8400	99	160	8	3	4	0	35c08c2d11e9cf73913650c0d7356a36e5e2b0d5	256	7563
RTP/Monster/Dark Elf.png	2892	64	82	8	3	4	0	5973ad1db76c318170a0bb3e833f7b4c7a5356aa	256	2055
RTP/Monster/Dark Knight.png	4112	97	85	8	3	4	0	ef12ed287a32c54bc63f15dbf345ea4601dc8b1a	256	3275
RTP/Monster/Demon.png	3932	86	84	8	3	4	0	e52f811aafecb18e4e37a3a68674640675af13dd	256	3095
RTP/Monster/Dragon Knight.png	4556	100	80	8	3	4	0	13793b5a6894926030c6646908b600e9c6b776c1	256	3719
RTP/Monster/Dragon.png	10210	148	118	8	3	4	0	f6604f21b626f88dd156cd39b5ddc6333f4b7a11	256	9373
RTP/Monster/Elf.png	2875	51	72	8	3	6	0	ee691228f2c6193d9d513b4d5b4ad0123d2b873c	256	1978
RTP/Monster/Fenrir.png	2547	66	82	8	3	4	0	e336286a359a3148edcb9640e1b16c1aaec60de2	256	1710
RTP/Monster/Gargoyle.png	3432	65	84	8	3	4	0	3bd582fd9078bcf3c2ece0a529897ce0a35e9f48	256	2595
RTP/Monster/Garuda.png	8981	115	150	8	3	4	0	47f1923e7559fdba330a110e3d5aeb1d18bbf80a	256	8144
RTP/Monster/Gazer.png	2076	50	72	8	3	4	0	2fb05c1cf7f911cfc03f1dc9666d8798ff926ead	256	1239
RTP/Monster/Genbu.png	8048	142	105	8	3	4	0	7522ab025b0ffcbc9f91f3f9d451504d2b296c7c	256	7211
RTP/Monster/Ghost.png	2649	61	76	8	3	4	0	f4f6e7ded2a5b4885950ca4e0cc2d1e2eff89cd7	256	1812
RTP/Monster/Ghoul.png	2584	56	80	8	3	4	0	58953a6ddb4cc5437654a599c80bac27de323464	256	1747
RTP/Monster/Giant.png	10328	102	159	8	3	6	0	1d69805119729e809b1e8b86db570a1d41bd7cbc	256	9431
RTP/Monster/Goblin.png	2715	46	73	8	3	6	0	fccd191cba8c2481ed9448e69d6a4a92093bf5b3	256	1818
RTP/Monster/Golem.png	9261	100	151	8	3	4	0	3241a77a33a4e4d538f0d2960506b2d144c22352	256	8424
RTP/Monster/Gorgon.png	2857	79	80	8	3	4	0	c07b1d6a413fcf701f068c8d325c9417761255a6	256	2020
RTP/Monster/Grell.png	2050	54	61	8	3	4	0	4654b22ba1ad20caf37b69838d8bcf6b4ab038ca	256	1213
RTP/Monster/Griffon.png	3267	90	82	8	3	4	0	f713269ed6be7a407a1ae09fc23c41b4c7a3fb11	256	2430
RTP/Monster/Harpy.png	3218	68	80	8	3	4	0	425bb37e8a51c3a7d03133ea08747e2e543d5087	256	2381
RTP/Monster/Hornet.png	1953	48	61	8	3	4	0	ceeac09224f6f91ee937b89e1305d74981cda79a	256	1116
RTP/Monster/Horse.png	3692	85	82	8	3	4	0	beb4b16e791db6cdbe98a87a61176cbf695d6176	256	2855
RTP/Monster/Hydra.png	9630	154	116	8	3	4	0	0ca402eff9c6c6a2f46408e720cf2a6ce767726f	256	8793
RTP/Monster/Ifreet.png	8592	110	155	8	3	4	0	9e8e98e71c33b27dd8db53186d7a1d851ef26f73	256	7755
RTP/Monster/Imp.png	2047	45	80	8	3	4	0	587a602df04f5b77c1a63f16139d03b2ee9112fe	256	1210
RTP/Monster/Jack-O-Lantern.png	2188	50	50	8	3	4	0	03946645c09f0d3f9ab142be336d530815bbe16a	256	1351
RTP/Monster/Kappa.png	2486	45	69	8	3	4	0	59ee93b4c72a6ac9e24f0b151e43d8ad3ec03a8e	256	1649
RTP/Monster/Kirin.png	4006	86	83	8	3	4	0	d090411a4b4ba827a4a85b6b6f1b8bd300ba3990	256	3169
RTP/Monster/Kobold.png	2798	47	63	8	3	6	0	f0cf7615be6d5fba3119a2922bceb7f5be2a1846	256	1901
RTP/Monster/Kraken.png	10263	105	152	8	3	4	0	2825f9548c88d5e16f311cc177007ddeb305cf99	256	9426
RTP/Monster/Kyuubi.png	9815	150	125	8	3	4	0	58d3905182580833592c121353ff4b2639667ab9	256	8978
RTP/Monster/Lakshmi.png	8524	100	158	8	3	4	0	1448831291ff6c99bf81d71eb8148b7dc8648da0	256	7687
RTP/Monster/Lamia.png	3688	65	76	8	3	4	0	b0c8c7082d1535208a06b817a2f2d305be5eda8c	256	2851
RTP/Monster/Leviathan.png	6055	102	145	8	3	4	0	b52fd051f96868730133b260f54f0761289992fd	256	5218
RTP/Monster/Lich.png	10247	112	160	8	3	4	0	ddce6a58dfaab07729529a71aefcda9715e3df79	256	9410
RTP/Monster/Lilith.png	9359	100	139	8	3	4	0	5bdfb25999fdf69be47d9f4a063e8426f9cebc97	256	8522
RTP/Monster/Lizard.png	2944	71	64	8	3	4	0	cfb9e3dc7c26e7eaac683ecf83aae55ccb204b53	256	2107
RTP/Monster/Lizardman.png	3145	62	81	8	3	4	0	93a44c31c3d0aa77b529576a821b9f728b2c442c	256	2308
RTP/Monster/Mammoth.png	9920	150	115	8	3	6	0	4fa3925e3ae07c1ecbae90b70ed4052ab072c204	256	9023
RTP/Monster/Manticore.png	5263	97	82	8	3	4	0	47c87e179b00c2e1c6f37a395e33271af553fc88	256	4426
RTP/Monster/Mantis.png	2655	66	70	8	3	4	0	352c152d6b173887be6e75f02b615ff797795e95	256	1818
RTP/Monster/Medusa.png	3020	69	76	8	3	4	0	3c606e76c3aa173aebf565fbc2e32609e11ae4a7	256	2183
RTP/Monster/Midgardsormr.png	9657	145	108	8	3	4	0	e3de6bfb85f284c0c412854bf400f6834e0d300c	256	8820
RTP/Monster/Mimic.png	2774	52	67	8	3	4	0	d909aee55895840dba57cd7ae002faeb4db1bf8b	256	1937
RTP/Monster/Minotaur.png	4346	82	82	8	3	4	0	8166377eb2df4d74cd5a8ba3eb3604f775ef81f9	256	3509
RTP/Monster/Mummy.png	2492	57	72	8	3	4	0	779face9a25a3b9fa7fdb48ba0482a68f4ed7b71	256	1655
RTP/Monster/Necromancer.png	3656	66	83	8	3	4	0	f877c62638003fc1ecb388ac72f7fb5dbf62e2fa	256	2819
RTP/Monster/Nepenthes.png	3527	68	75	8	3	4	0	f0b3dd86a46775550eb2806d936c5d8db7b87b4a	256	2690
RTP/Monster/Octopus.png	3096	68	66	8	3	4	0	5b744da5f4df62c1d7b4878505eb90132b9a213b	256	2259
RTP/Monster/Odin.png	5499	87	120	8	3	4	0	3f5665a8fe174c1ddd54fe7f6258e8f7a9463556	256	4662
RTP/Monster/Ogre.png	3989	70	80	8	3	4	0	6bfbb00139ad23b2749c0bde4ebb16f6afe622d1	256	3152
RTP/Monster/Oni.png	3575	64	81	8	3	4	0	b35b368a205ae673c9ea2cbab54d0366add4b2ca	256	2738
RTP/Monster/Orc.png	3347	53	71	8	3	6	0	19e37a2308a636baac8cecf6cf30050f2da88eaf	256	2450
RTP/Monster/Ouroboros.png	8514	155	96	8	3	4	0	e46852732a4594b8864e2c1ffb009cf30996e6b6	256	7677
RTP/Monster/Parasite.png	2379	52	79	8	3	4	0	fcae33713f1d6d3e48260a4412f9803546877939	256	1542
RTP/Monster/Phoenix.png	5071	140	67	8	3	4	0	318b517948ff6b290b36ba5b21a2154233ab9226	256	4234
RTP/Monster/Quetzalcoatl.png	8628	103	144	8	3	4	0	5f73d5a6681fe8f8a39fed5b1fd216c6c8da6aa7	256	7791
RTP/Monster/Remora.png	1789	55	59	8	3	4	0	43e480da0b250fb9200e7a0636f28fcec21bd6d8	256	952
RTP/Monster/Ryuu.png	8024	100	148	8	3	4	0	eda6f9f615b14789c7fda5a4c688958ca7c438c8	256	7187
RTP/Monster/Sahagin.png	3894	66	82	8	3	6	0	1eef90bcc06e9de3743e1d707d418621475213ee	256	2997
RTP/Monster/Salamander.png	2809	66	81	8	3	4	0	c2a83953828f884305ffff48265dd7e1759c3aad	256	1972
RTP/Monster/Satan.png	13874	195	158	8	3	4	0	272667f74d999af38062d859ce47ffc30bfc8348	256	13037
RTP/Monster/Scorpion.png	2774	70	64	8	3	4	0	726cdf7eb4c69c3f8b611c6cfb29170604efd8f1	256	1937
RTP/Monster/Scylla.png	4454	72	75	8	3	4	0	2e5bc668cd8186c221986e4c18458b9a13ca84ea	256	3617
RTP/Monster/Seraphim.png	5213	120	79	8	3	4	0	54644da7977d5edfe622bad4e608db2c7514f3e0	256	4376
RTP/Monster/Shadow.png	2131	54	65	8	3	4	0	4e55a58101a2d4fa944868d959f681ff1039c3ae	256	1294
RTP/Monster/Shark.png	2863	71	78	8	3	4	0	31fc6136d8d18ee57558a9911c78b856d1a849b9	256	2026
RTP/Monster/Siren.png	4246	72	77	8	3	4	0	710cf611d05e44f94728e95dd5dc664c32f7f303	256	3409
RTP/Monster/Skeleton.png	2421	50	73	8	3	4	0	136a8ab1a062100b34a49de7272a44f5dc2d92fd	256	1584
RTP/Monster/Slime.png	1773	53	34	8	3	4	0	77713cc011c152ff395b7c7b0b77ef4c4b089d52	256	936
RTP/Monster/Snake.png	2441	48	63	8	3	4	0	97ded0736916ab868e171aaf882d42920b27d0c9	256	1604
RTP/Monster/Sorcerer.png	2979	53	80	8	3	4	0	bbf36e4cb07e20510366b0d574044e0743025215	256	2142
RTP/Monster/Spectre.png	2926	50	68	8	3	4	0	78e1176a7e6e64972330bc6daf1c37b1127f55d8	256	2089
RTP/Monster/Sphinx.png	4678	95	83	8	3	4	0	435f75010fa94233c7ec884d87daa826bc1be9c0	256	3841
RTP/Monster/Spirit.png	2051	45	69	8	3	4	0	bc16ddf2c5d7e3f80add0814b18b2827895d080f	256	1214
RTP/Monster/Suzaku.png	7718	107	158	8	3	4	0	73a337d8a1c954bf4e119e4461e07a0daba219c3	256	6881
RTP/Monster/Sylph.png	2643	50	78	8	3	4	0	f43bc29a8a03f8db456b7773de5aa2750c618da4	256	1806
RTP/Monster/Tarantula.png	1736	52	54	8	3	4	0	dc735aebbb0969333b925881c07cfdcf70d62b22	256	899
RTP/Monster/Tiamat.png	12500	144	155	8	3	4	0	f0e758b4c198e9db1c6a8011173fe364f39e4182	256	11663
RTP/Monster/Titan.png	7351	106	158	8	3	4	0	a9581548a8e9870240a0078487dea0202cc25900	256	6514
RTP/Monster/Toad.png	2848	66	53	8	3	4	0	74a7f0d7f7a58d9b51bbc69acd6eade9dd97203e	256	2011
RTP/Monster/Treant.png	4446	66	82	8	3	4	0	478b673803f9d2a7d0dc6625beec7596af838de1	256	3609
RTP/Monster/Troll.png	6978	93	155	8	3	4	0	7fdf09b1dac4e9be5cd7bdc75595d51b2da4f65e	256	6141
RTP/Monster/Undead Knight.png	5758	87	160	8	3	4	0	a52b6fe252d5dd4d73e10618ec1c082d8db0efc0	256	4921
RTP/Monster/Unicorn.png	3743	83	83	8	3	4	0	e5fc77356cc684c17944cdad975238d0c98d803d	256	2906
RTP/Monster/Vampire.png	2992	71	84	8	3	4	0	8b5b8a19c2c2a05602f50deca01cfcbc0d0ab801	256	2155
RTP/Monster/Werewolf.png	3104	66	82	8	3	4	0	398ee532fd1818587bcbc5da4722d77db1b94b6a	256	2267
RTP/Monster/Wight.png	3487	50	83	8	3	4	0	a2dbb5da6204f632a712fa4c84aea63293819e7d	256	2650
RTP/Monster/Worm.png	3275	67	70	8	3	4	0	526128113a2483cf09ffaf90ce88b0f8755c10fb	256	2438
RTP/Monster/Wraith.png	2214	44	84	8	3	4	0	5c6547fd3c2f2fefba0f0c21a17ce3fe1b32e3ce	256	1377
RTP/Monster/Wyvern.png	6592	100	153	8	3	4	0	57b24088dcee55167aca8c07493f3948aee0ce14	256	5755
RTP/Monster/Zombie.png	2868	45	72	8	3	6	0	75da46e7ab3f7bfd5020dc07324bb265b5004a9d	256	1971
RTP/Panorama/Cosmos1.png	106425	640	480	8	3	4	0	6c99c21e5d9976f8e1f04de10b7d6bc7bf34dd32	256	105588
RTP/Panorama/Dawn1.png	37144	640	480	8	3	4	0	617a746782bb1703b23b2a1a62abcffc95ed2cf3	256	36307
RTP/Panorama/Dawn2.png	97820	640	480	8	3	4	0	7daa85ab073a8e2cc8e34cc0f78c7503842a51af	256	96983
RTP/Panorama/Dimension Rift.png	203435	640	480	8	3	4	0	296ada97e56a53b0a3ecc5705e904f907d9b5a05	256	202598
RTP/Panorama/Night Sky1.png	24376	640	480	8	3	4	0	13ea97d695205922165b0715b43e5e000b6dd723	256	23539
RTP/Panorama/Night Sky2.png	64973	640	480	8	3	4	0	72766cc0487179da06f5d96b4417f64d627ec26b	256	64136
RTP/Panorama/Planet1.png	20459	320	240	8	3	4	0	1ff7ed99ff451124246a93ae2753bab73cc93f52	256	19622
RTP/Panorama/Planet2.png	18429	320	240	8	3	4	0	42d99867d6c758122555cbb491ebaf9a1979e76f	256	17592
RTP/Panorama/Planet3.png	22891	320	240	8	3	4	0	29de83cae3f2a0bf4b745f94757d6d1f7d8e53fb	256	22054
RTP/Panorama/Sky1.png	31209	640	480	8	3	4	0	e5c5edd17a5fc20044c549d76f04a1eaa2e79013	256	30372
RTP/Panorama/Sky2.png	94873	640	480	8	3	4	0	62f94109828a226dc844084cb16068fe99ac63ed	256	94036
RTP/Panorama/Sunset1.png	28227	640	480	8	3	4	0	296feb147f294e5a2ab34b4037e6a9d82b0da2ee	256	27390
RTP/Panorama/Sunset2.png	83277	640	480	8	3	4	0	05b1299bac0e3844f0fef2d81b074c2748cb0549	256	82440
RTP/System/System.png	2075	160	80	8	3	4	0	ed06bc9f9778419445e509abff99dc8364fdd103	256	1238
RTP/System/SystemA.png	2783	160	80	8	3	6	0	0a9bb6b239a0a6cc8911963e01a16853c5139e7c	256	1886
RTP/System/SystemB.png	3018	160	80	8	3	6	0	86a59202698b08f9c30a1ee0aca38c19592842b7	256	2121
RTP/System/SystemC.png	3045	160	80	8	3	6	0	cd2ecbf3272d5aa1a10d5086d39701773cc00538	256	2148
RTP/System2/System2A.png	1437	80	96	8	3	4	0	5ee6963e8d9fefac87ea15016edc368eba8bdc39	256	600
RTP/System2/System2B.png	1604	80	96	8	3	4	0	6a54bda6407dbb2f48e915a0234856cdf37421f4	256	767
RTP/System2/System2C.png	1526	80	96	8	3	4	0	89871f7f6cb6706cc00a577f8e4d73e8eac086a3	256	689
RTP/Title/Title1.png	57002	320	240	8	3	7	0	8f2806de0a218a9dc80166900f8f2d79e39f9d11	256	53474
RTP/Title/Title2.png	81971	320	240	8	3	7	0	90916de97be1c71c179f762e2147331f144efb8e	256	78443
RTP/Title/Title3.png	67471	320	240	8	3	7	0	0ddfd0bf606c99e1a80e5848e09d54e6ecac3a57	256	63943
RTP/Title/Title4.png	62942	320	240	8	3	7	0	20548fd835d83e5d9532523e98943a098afd2aa8	256	59414
Sample/ArcheiaPictureTutorial/ChipSet/Dungeon.png	31898	480	256	8	3	4	0	d62dc72b14dcf5017244d0e472139df16c9851ff	256	31061
Sample/ArcheiaPictureTutorial/ChipSet/Exterior.png	37418	480	256	8	3	4	0	72747cdf64e74cec0ec651718e431985b7b46e48	256	36581
Sample/ArcheiaPictureTutorial/ChipSet/Interior.png	55746	480	256	8	3	7	0	515773ee2d9ed84d6a3f68ae02b4981dda7db9fa	256	40458
Sample/ArcheiaPictureTutorial/ChipSet/Ship.png	30723	480	256	8	3	4	0	93820f50914c601bbde4e6029e15c01426a82fe3	256	29886
Sample/ArcheiaPictureTutorial/ChipSet/World.png	34930	480	256	8	3	4	0	98e38f9c90f5283f41d94858e4b087a7a557a557	256	34093
Sample/ArcheiaPictureTutorial/FaceSet/Actor1.png	27674	192	192	8	3	4	0	14cf019c72ae38b7fa47ae4deb8d1a483564e131	256	26837
Sample/ArcheiaPictureTutorial/FaceSet/Actor2.png	28952	192	192	8	3	4	0	3d6192408d5483aac606751ccc69eb941847a3e4	256	28115
Sample/ArcheiaPictureTutorial/FaceSet/Monster.png	24635	192	192	8	3	4	0	f06675cf035fda847722c1a9307c0ee35491c500	256	23798
Sample/ArcheiaPictureTutorial/FaceSet/People1.png	27094	192	192	8	3	4	0	ea46fccac77868705227e500ea79e2fe0e477563	256	26257
Sample/ArcheiaPictureTutorial/FaceSet/People2.png	25982	192	192	8	3	4	0	4782544e9700bdbe5984da6827d5b9389d85b9d2	256	25145
Sample/ArcheiaPictureTutorial/Picture/INPUTDISPLAY.png	1111	208	32	8	3	8	0	c42036afd08e0e39d9b286eeafce38a29d093a75	256	137
Sample/ArcheiaPictureTutorial/Picture/POLAROID.png	17007	320	240	8	3	7	0	85550157cc39025f68d44e5d79e3d9c5d04eeef3	256	1277
Sample/ArcheiaPictureTutorial/Picture/RTPHEROES[3, 3].png	5845	144	144	8	3	4	0	e69491f3bb69e37d649b23f40ab2461aa3fb5b45	256	5008
Sample/ArcheiaPictureTutorial/Picture/RTPHERO_1.png	17243	144	48	8	3	7	0	ef929c402359676a75fb60415b4db96ab6fca016	256	1500
Sample/ArcheiaPictureTutorial/Picture/RTPHERO_2.png	17277	144	48	8	3	7	0	ef929c402359676a75fb60415b4db96ab6fca016	256	1534
Sample/ArcheiaPictureTutorial/Picture/RTPHERO_3.png	16854	144	48	8	3	7	0	ef929c402359676a75fb60415b4db96ab6fca016	256	1111
Sample/ArcheiaPictureTutorial/Picture/RTPHERO_4.png	16652	144	48	8	3	7	0	ef929c402359676a75fb60415b4db96ab6fca016	256	909
Sample/ArcheiaPictureTutorial/Picture/RTPHERO_5.png	1720	144	48	8	3	4	0	03759315c89f3e733aa6bda5bd0f6c238985f337	256	883
Sample/ArcheiaPictureTutorial/Picture/RTPHERO_6.png	16734	144	48	8	3	7	0	ef929c402359676a75fb60415b4db96ab6fca016	256	991
Sample/ArcheiaPictureTutorial/Picture/RTPHERO_7.png	17080	144	48	8	3	7	0	ef929c402359676a75fb60415b4db96ab6fca016	256	1337
Sample/ArcheiaPictureTutorial/Picture/RTPHERO_8.png	17154	144	48	8	3	7	0	ef929c402359676a75fb60415b4db96ab6fca016	256	1411
Sample/ArcheiaPictureTutorial/Picture/RTPHERO_9.png	16708	144	48	8	3	7	0	ef929c402359676a75fb60415b4db96ab6fca016	256	971
Sample/ArcheiaPictureTutorial/Picture/Zahl0.png	957	15	22	8	3	4	0	839ebb11a03c7d7706daf2cf3a3c855c755ffebf	256	120
Sample/ArcheiaPictureTutorial/Picture/Zahl1.png	910	15	22	8	3	4	0	9f305cbbdb92ae4c01eed0240b4b8433c1db8aaf	256	73
Sample/ArcheiaPictureTutorial/Picture/Zahl2.png	921	15	22	8	3	4	0	9f305cbbdb92ae4c01eed0240b4b8433c1db8aaf	256	84
Sample/ArcheiaPictureTutorial/Picture/Zahl3.png	934	15	22	8	3	4	0	9f305cbbdb92ae4c01eed0240b4b8433c1db8aaf	256	97
Sample/ArcheiaPictureTutorial/Picture/Zahl4.png	927	15	22	8	3	4	0	9f305cbbdb92ae4c01eed0240b4b8433c1db8aaf	256	90
Sample/ArcheiaPictureTutorial/Picture/Zahl5.png	929	15	22	8	3	4	0	9f305cbbdb92ae4c01eed0240b4b8433c1db8aaf	256	92
Sample/ArcheiaPictureTutorial/Picture/Zahl6.png	936	15	22	8	3	4	0	9f305cbbdb92ae4c01eed0240b4b8433c1db8aaf	256	99
Sample/ArcheiaPictureTutorial/Picture/Zahl7.png	919	15	22	8	3	4	0	9f305cbbdb92ae4c01eed0240b4b8433c1db8aaf	256	82
Sample/ArcheiaPictureTutorial/Picture/Zahl8.png	927	15	22	8	3	4	0	9f305cbbdb92ae4c01eed0240b4b8433c1db8aaf	256	90
Sample/ArcheiaPictureTutorial/Picture/Zahl9.png	930	15	22	8	3	4	0	9f305cbbdb92ae4c01eed0240b4b8433c1db8aaf	256	93
Sample/ArcheiaPictureTutorial/Picture/magiccircle.png	2294	288	48	8	3	4	0	8f1b89357d6a8714c6b607a8675f697ec5a33d92	256	1457
Sample/ArcheiaPictureTutorial/System/System.png	2075	160	80	8	3	4	0	ed06bc9f9778419445e509abff99dc8364fdd103	256	1238
Sample/ArcheiaPictureTutorial/System/SystemA.png	2783	160	80	8	3	6	0	0a9bb6b239a0a6cc8911963e01a16853c5139e7c	256	1886
Sample/ArcheiaPictureTutorial/System/SystemB.png	2356	160	80	8	3	4	0	72feaed45d4d081e1a3c8701195234a012f25d0e	256	1519
Sample/ArcheiaPictureTutorial/System/SystemC.png	3045	160	80	8	3	6	0	cd2ecbf3272d5aa1a10d5086d39701773cc00538	256	2148
