path	bytes	format	ntrks	division	residue	events	ticks	seconds	tempos
RTP/Music/2003Adventurers.mid	42592	1	8	120	0	13736	20039	84.911	1
RTP/Music/2003Ancient City.mid	10916	1	10	480	0	2494	32680	46.235	2
RTP/Music/2003Battle with an Evil God.mid	23641	1	17	480	0	5506	72960	50.333	2
RTP/Music/2003Beginning of a War.mid	25542	1	10	120	0	8178	35285	111.286	2
RTP/Music/2003Casino Indulgence.mid	94402	1	7	120	0	30072	31200	123.809	1
RTP/Music/2003Cathedral.mid	5220	1	6	480	0	1179	55680	103.179	12
RTP/Music/2003Church.mid	3252	1	5	120	0	798	11880	73.857	145
RTP/Music/2003City Bustle.mid	25530	1	7	120	0	7919	15839	47.140	1
RTP/Music/2003Colosseum.mid	50297	1	15	120	0	16332	29219	98.713	1
RTP/Music/2003Creeping Darkness.mid	16942	1	18	480	0	3875	49920	47.154	2
RTP/Music/2003Cyber City.mid	42643	1	10	120	0	13824	19680	84.103	1
RTP/Music/2003DarkAltar.mid	7951	1	9	480	0	1864	48520	84.217	3
RTP/Music/2003Deep Memory.mid	7566	1	8	480	0	1758	44640	74.191	10
RTP/Music/2003Deserted Mansion.mid	10635	1	14	480	0	2410	46080	62.333	2
RTP/Music/2003Dream Forest.mid	6693	1	16	480	0	1446	36480	73.000	2
RTP/Music/2003Dream of Striking It Rich.mid	7222	1	12	480	0	1558	44160	32.059	2
RTP/Music/2003Dreaminess.mid	5173	1	6	480	0	1208	21140	33.031	1
RTP/Music/2003Empire.mid	48359	1	11	120	0	15693	20099	77.304	1
RTP/Music/2003Exploring Ruins.mid	27671	1	12	480	0	6782	63360	77.800	2
RTP/Music/2003Fairy Forest.mid	61424	1	10	120	0	19761	35039	162.218	1
RTP/Music/2003Far Eastern Land.mid	76631	1	11	120	0	23432	19680	80.000	1
RTP/Music/2003Final Battleground.mid	12647	1	10	480	0	3008	48480	84.143	2
RTP/Music/2003Free For All.mid	12886	1	12	480	0	2847	78720	51.526	2
RTP/Music/2003Healing Spring.mid	11504	1	14	480	0	2751	71040	87.400	2
RTP/Music/2003Hero's Return.mid	114307	1	18	120	0	36385	60603	171.855	387
RTP/Music/2003Ice Labyrinth.mid	39351	1	8	120	0	12491	18000	106.465	83
RTP/Music/2003In the Eternal Flow of Time.mid	12027	1	15	480	0	2688	88340	151.035	2
RTP/Music/2003Little Army's March.mid	7601	1	10	480	0	1751	35520	36.500	2
RTP/Music/2003Lonesome Journey.mid	21971	1	11	480	0	5252	63360	88.705	2
RTP/Music/2003Machine Fortress.mid	16074	1	6	120	0	5228	27360	117.931	1
RTP/Music/2003Maximum Battle.mid	28635	1	7	120	0	9278	22559	61.975	1
RTP/Music/2003Otherworldly Corridor.mid	22257	1	13	480	0	5297	67200	58.571	3
RTP/Music/2003Palace Party.mid	18242	1	15	480	0	4254	67680	64.869	7
RTP/Music/2003Panic.mid	6080	1	7	480	0	1452	16320	12.625	2
RTP/Music/2003Repeated Wars.mid	51720	1	7	120	0	16429	23520	75.871	1
RTP/Music/2003Silence.mid	16641	1	13	480	0	4062	36480	73.000	2
RTP/Music/2003Snow Town.mid	4734	1	11	480	0	1041	29280	36.250	2
RTP/Music/2003Sorrow.mid	99072	1	17	120	0	31812	26279	135.797	272
RTP/Music/2003Steady Breeze.mid	23779	1	13	480	0	5731	59040	96.643	2
RTP/Music/2003Subterranean Maze.mid	71427	1	11	120	0	23112	25440	83.684	1
RTP/Music/2003SunnyVillage.mid	19196	1	7	120	0	5963	19680	93.804	17
RTP/Music/2003Tavern.mid	70921	1	7	120	0	22664	33120	130.394	1
RTP/Music/2003Tension.mid	25639	1	13	480	0	6201	86880	82.693	3
RTP/Music/2003Village in the Valley.mid	8984	1	11	480	0	1997	44880	69.484	2
RTP/Music/2003Village of Savages.mid	20261	1	13	480	0	4634	88320	82.753	37
RTP/Music/2003Waltz of Blessings.mid	83690	1	14	120	0	26857	29879	82.997	1
RTP/Music/2003Wings to the Sky.mid	91543	1	13	120	0	29715	35040	123.380	1
RTP/Music/2003Young Memories.mid	2267	1	3	480	0	518	16320	34.184	2
RTP/Music/Animal.mid	9348	1	23	384	0	2088	32256	36.000	1
RTP/Music/Battle 1.mid	63666	1	13	96	0	15729	25343	121.841	1
RTP/Music/Battle 2.mid	31849	1	13	96	0	7867	14589	82.892	1
RTP/Music/Battle 3.mid	26296	1	23	384	0	6208	64512	65.881	1
RTP/Music/Black Market.mid	13813	1	13	96	0	3402	9790	61.188	1
RTP/Music/Boss 1.mid	74093	1	13	96	0	18449	28798	163.625	1
RTP/Music/Boss 2.mid	9776	1	13	96	0	2369	9120	71.250	1
RTP/Music/Boss 3.mid	24471	1	22	384	0	5844	47232	53.478	1
RTP/Music/Boss 4.mid	25836	1	27	384	0	6111	53955	86.563	9
RTP/Music/Castle 1.mid	7396	1	13	96	0	1785	12660	65.938	1
RTP/Music/Castle 2.mid	7066	1	13	96	0	1705	12684	88.083	1
RTP/Music/Castle 3.mid	10382	1	20	384	0	2367	50304	93.939	3
RTP/Music/Church.mid	5575	1	6	96	0	1338	12672	66.000	1
RTP/Music/Defeat.mid	9807	1	13	96	0	2363	9594	74.953	1
RTP/Music/Demon Lord.mid	20383	1	29	384	0	4715	62976	72.352	1
RTP/Music/Dungeon 1.mid	5237	1	13	96	0	1219	11903	74.394	1
RTP/Music/Dungeon 2.mid	18648	1	13	96	0	4587	9694	65.856	1
RTP/Music/Dungeon 3.mid	13508	1	13	96	0	3242	14494	82.352	1
RTP/Music/Dungeon 4.mid	21844	1	27	384	0	4978	93696	140.768	1
RTP/Music/Dungeon 5.mid	25345	1	29	384	0	6161	56832	111.000	1
RTP/Music/Ending 1.mid	26445	1	13	96	0	6513	15741	140.545	1
RTP/Music/Ending 2.mid	19181	1	26	384	0	4500	65664	113.999	1
RTP/Music/Ending 3.mid	23436	1	24	384	0	5268	81408	133.893	1
RTP/Music/Exploration.mid	3661	1	13	96	0	845	6528	51.000	1
RTP/Music/Fairy 1.mid	15102	1	13	96	0	3674	14208	98.667	1
RTP/Music/Fairy 2.mid	6542	1	20	384	0	1426	26112	65.806	1
RTP/Music/Field 1.mid	72636	1	13	96	0	18081	24959	162.493	1
RTP/Music/Field 2.mid	27225	1	13	96	0	6733	15815	82.370	1
RTP/Music/Field 3.mid	30670	1	13	96	0	7591	9670	60.438	1
RTP/Music/Field 4.mid	30751	1	23	384	0	7237	99840	107.585	1
RTP/Music/Game Over 1.mid	7038	1	13	96	0	1677	6814	60.839	1
RTP/Music/Game Over 2.mid	4247	1	13	96	0	1009	3845	34.330	1
RTP/Music/Game Over 3.mid	6859	1	22	384	0	1532	26880	60.980	8
RTP/Music/Ghost Town 1.mid	7505	1	13	96	0	1781	12657	113.009	1
RTP/Music/Ghost Town 2.mid	3979	1	13	96	0	909	9585	85.580	1
RTP/Music/Hero 1.mid	46974	1	13	96	0	11677	14279	106.242	1
RTP/Music/Hero 2.mid	9928	1	26	384	0	2309	29184	38.000	1
RTP/Music/In a Pinch.mid	15998	1	20	384	0	3735	41472	36.404	1
RTP/Music/J2003Horn.mid	640	1	3	480	0	134	3960	3.750	2
RTP/Music/JDoubt.mid	659	1	6	96	0	134	875	4.972	1
RTP/Music/JEnd of Battle 1.mid	1262	1	13	96	0	268	815	4.245	1
RTP/Music/JEnd of Battle 2.mid	1538	1	13	96	0	335	1055	6.594	1
RTP/Music/JEnd of Battle 3.mid	1312	1	13	96	0	284	695	4.826	1
RTP/Music/JEnd of Battle 4.mid	1953	1	22	384	0	393	6144	6.076	1
RTP/Music/JFanfare 1.mid	1276	1	6	96	0	285	1235	8.576	1
RTP/Music/JFanfare 2.mid	2197	1	14	96	0	495	2327	10.388	1
RTP/Music/JFanfare 3.mid	2918	1	25	384	0	615	7680	15.634	7
RTP/Music/JFanfare 4.mid	2282	1	13	96	0	522	1607	10.044	1
RTP/Music/JFanfare 5.mid	1726	1	13	96	0	384	1031	8.055	1
RTP/Music/JFanfare 6.mid	2319	1	13	96	0	530	1355	9.410	1
RTP/Music/JInn 1.mid	1642	1	7	96	0	379	1175	6.120	1
RTP/Music/JInn 2.mid	736	1	6	96	0	153	1175	6.120	1
RTP/Music/JItem.mid	835	1	7	96	0	173	971	5.517	1
RTP/Music/JJoke 1.mid	769	1	8	96	0	157	1199	6.245	1
RTP/Music/JJoke 2.mid	847	1	8	96	0	177	1007	5.245	1
RTP/Music/JMystery.mid	1039	1	6	96	0	230	1115	7.743	1
RTP/Music/Liveliness.mid	31028	1	12	96	0	7580	24957	141.801	1
RTP/Music/Lively Market.mid	43587	1	13	96	0	10818	19178	99.885	1
RTP/Music/Mystery 1.mid	26419	1	8	96	0	6556	9663	75.492	1
RTP/Music/Mystery 2.mid	9841	1	8	96	0	2424	9599	74.992	1
RTP/Music/Mystery 3.mid	8829	1	22	384	0	2048	50688	99.000	1
RTP/Music/Opening 1.mid	48328	1	12	96	0	11943	25199	174.993	1
RTP/Music/Opening 2.mid	26086	1	39	384	0	6004	72192	71.342	13
RTP/Music/Opening 3.mid	31110	1	25	384	0	7538	72192	104.443	1
RTP/Music/Parting 1.mid	4409	1	13	96	0	1046	6524	58.250	1
RTP/Music/Parting 2.mid	8120	1	23	384	0	1862	36992	93.272	7
RTP/Music/Repose 1.mid	13731	1	6	96	0	3372	12684	132.125	1
RTP/Music/Repose 2.mid	7212	1	7	96	0	1731	12670	82.487	1
RTP/Music/Repose 3.mid	9771	1	29	384	0	2094	38400	50.000	1
RTP/Music/Secret Treasure.mid	4939	1	7	96	0	1193	6526	45.319	1
RTP/Music/Ship 1.mid	20551	1	8	96	0	4988	18816	130.667	1
RTP/Music/Ship 2.mid	18360	1	13	96	0	4462	12864	67.000	1
RTP/Music/Ship 3.mid	10112	1	26	384	0	2313	38016	70.714	1
RTP/Music/Shop 1.mid	16281	1	13	96	0	4016	13056	81.600	1
RTP/Music/Shop 2.mid	13415	1	13	96	0	3300	12810	61.586	1
RTP/Music/Shop 3.mid	7499	1	15	384	0	1654	26112	29.565	1
RTP/Music/Sorrow.mid	14166	1	13	96	0	3433	12670	98.984	1
RTP/Music/Thief.mid	5114	1	13	96	0	1225	6525	37.074	1
RTP/Music/Tower 1.mid	8249	1	13	96	0	1977	9597	59.981	1
RTP/Music/Tower 2.mid	5515	1	13	96	0	1309	6525	50.977	1
RTP/Music/Tower 3.mid	17062	1	29	384	0	3972	41472	61.713	1
RTP/Music/Town 1.mid	29643	1	13	96	0	7345	24956	141.795	1
RTP/Music/Town 2.mid	24171	1	13	96	0	5859	24957	113.030	1
RTP/Music/Town 3.mid	11339	1	21	384	0	2517	39936	62.400	1
RTP/Music/Trial.mid	18256	1	27	384	0	4182	51840	65.853	1
RTP/Music/Vehicle 1.mid	27084	1	13	96	0	6501	25151	120.918	1
RTP/Music/Vehicle 2.mid	20724	1	13	96	0	5101	12861	73.074	1
RTP/Music/Vehicle 3.mid	21797	1	23	384	0	5117	59904	63.242	1
RTP/Music/Victory.mid	13014	1	13	96	0	3141	12669	87.979	1
RTP/Music/Village 1.mid	8749	1	6	96	0	2125	18957	118.481	1
RTP/Music/Village 2.mid	10847	1	22	384	0	2425	39936	85.479	1
RTP/Music/Village 3.mid	9286	1	23	384	0	2037	84544	84.678	1
RTP/Music/Wrath.mid	18881	1	13	96	0	4625	18814	83.991	1
